time,qchunk_state.completion_date_string,qchunk_state.cpu_average_ghz,qchunk_state.cpu_model,qchunk_state.creation_date_string,qchunk_state.failed_range,qchunk_state.initial_range,qchunk_state.name,qchunk_state.name_1,qchunk_state.owner_qarnot_id,qchunk_state.priority,qchunk_state.processed_range,qchunk_state.q_mobo,qchunk_state.qguid,qchunk_state.resources_download_batches,qchunk_state.scaling_cpu_average_ghz,qchunk_state.scaling_time_compute_ghz,qchunk_state.serializer_session,qchunk_state.state,qchunk_state.state_1,qchunk_state.time_compute,qchunk_state.time_compute_ghz,qchunk_state.time_download,qchunk_state.time_environment,qchunk_state.time_upload
2019-05-06T03:35:00.000Z,,0,,06/05/2019\ 03:39:45,,[0-1],docker.base.config>docker.base>docker-batch>sample4-dockerhub-private,docker.base.config>docker.base>docker-batch>sample4-dockerhub-private,<Unknown>,-5,,MOBO-adf0-094e-09e2-00d8611556aa,QJOB-0506-0539-aaf7-19e9a2e4cec9,,0,0,00000000-0000-0000-0000-000000000000,Starting,Starting,0,0,0,0,0
2019-05-06T03:40:00.000Z,06/05/2019\ 03:43:02,0,AMD\ Ryzen\ 7\ 2700X\ Eight-Core\ Processor,06/05/2019\ 03:39:45,,[0-1],docker.base.config>docker.base>docker-batch>sample4-dockerhub-private,docker.base.config>docker.base>docker-batch>sample4-dockerhub-private,<Unknown>,-5,[0-1],MOBO-adf0-094e-09e2-00d8611556aa,QJOB-0506-0539-aaf7-19e9a2e4cec9,"SCDL-a14d-b4ce-dfec-fb15fd391627\,SCDL-2cdc-3b5f-c693-0a86e96f884b",0,0,00000000-0000-0000-0000-000000000000,Completed,Completed,10,0,1240,700,20
2019-05-06T03:45:00.000Z,,0,,06/05/2019\ 03:46:59,,[129-130],docker.base.config>docker.base>docker-mining>money\ money\ money\ prod,docker.base.config>docker.base>docker-mining>money money money prod,_coin_miner,-15,,MOBO-58d8-00d7-a3c3-309c23a7828b,QJOB-0425-1504-9b73-148267a8fd96,,0,0,00000000-0000-0000-0000-000000000000,Starting,Starting,0,0,0,0,0
2019-05-06T03:50:00.000Z,06/05/2019\ 03:51:31,0,AMD\ Ryzen\ 7\ 2700X\ Eight-Core\ Processor,06/05/2019\ 03:43:19,,[120-121],docker.base.config>docker.base>blender.base>blender-2.78c>sample5-blender,docker.base.config>docker.base>blender.base>blender-2.78c>sample5-blender,<Unknown>,-5,[120-121],MOBO-adf0-084e-ac12-00d8611556c4,QJOB-0506-0543-4607-15f6286ddcd9,"SCDL-f7f8-8f4f-f13d-0ced73c05eaa\,SCDL-654c-d6ab-5c60-d7c614883e5e\,SCDL-c977-7c39-591b-326e5f7702a5",0,82.1633453369141,00000000-0000-0000-0000-000000000000,Completed,Completed,50,77.1388931274414,3960,880,20
2019-05-06T04:00:00.000Z,,0,,06/05/2019\ 04:02:28,,[9-10],docker.base.config>docker.base>gprime-v2-8c>gprime|PMCL-160-154001-MN-Q2-g|na|60013,docker.base.config>docker.base>gprime-v2-8c>gprime|PMCL-160-154001-MN-Q2-g|na|60013,<Unknown>,10,,MOBO-58d8-00d7-8b69-309c23a7826f,QJOB-0505-2156-376e-9a03f2e4adbf,,0,0,00000000-0000-0000-0000-000000000000,Starting,Starting,0,0,0,0,0
2019-05-06T04:05:00.000Z,,0,,06/05/2019\ 04:08:01,,[7-8],docker.base.config>docker.base>gprime-v2-8c>gprime|PMCL-160-154001-MN-Q2-g|na|60013,docker.base.config>docker.base>gprime-v2-8c>gprime|PMCL-160-154001-MN-Q2-g|na|60013,<Unknown>,10,,MOBO-58d8-00d7-8bae-309c23a785ba,QJOB-0506-0607-e56e-0a9b7331e8d7,,0,0,00000000-0000-0000-0000-000000000000,Starting,Starting,0,0,0,0,0
2019-05-06T04:10:00.000Z,06/05/2019\ 04:12:57,0,AMD\ Ryzen\ 7\ 1700X\ Eight-Core\ Processor,06/05/2019\ 04:08:01,[16-17],[16-17],docker.base.config>docker.base>gprime-v2-8c>gprime|PMCL-160-154001-MN-Q2-g|na|60013,docker.base.config>docker.base>gprime-v2-8c>gprime|PMCL-160-154001-MN-Q2-g|na|60013,<Unknown>,10,,MOBO-58d8-00d7-8b45-309c23845831,QJOB-0506-0607-e56e-0a9b7331e8d7,"SCDL-52df-f091-415f-31112603acbf\,SCDL-1ec5-ec5a-7cbd-92f93593d1d8\,SCDL-ff04-9b66-9602-f79126750e8a",0,0.00545956008136272,00000000-0000-0000-0000-000000000000,Failed,Failed,20,0.00557600008323789,1860,1040,10
2019-05-06T04:15:00.000Z,06/05/2019\ 04:19:30,0,AMD\ Ryzen\ 7\ 2700X\ Eight-Core\ Processor,06/05/2019\ 04:19:26,,[0-1],docker.base.config>docker.base>docker-batch>Session>sample10-pool1>sample10-pool1-task1,docker.base.config>docker.base>docker-batch>Session>sample10-pool1>sample10-pool1-task1,<Unknown>,-5,[0-1],MOBO-adf0-084e-ac12-00d8611575c2,QJOB-0506-0618-02ec-cd1cd358f259,,0,0,53455351-0506-0617-e7ce-c87f03d77fe1,Completed,Completed,10,0,10,10,20
2019-05-06T04:20:00.000Z,,0,,06/05/2019\ 04:23:59,,[9-10],docker.base.config>docker.base>gprime-v2-8c>gprime|PMCL-160-154001-MN-Q2-g|na|60013,docker.base.config>docker.base>gprime-v2-8c>gprime|PMCL-160-154001-MN-Q2-g|na|60013,<Unknown>,10,,MOBO-58d8-00d7-8b69-309c23a7826f,QJOB-0506-0622-655f-3d2ff531bb4d,,0,0,00000000-0000-0000-0000-000000000000,Starting,Starting,0,0,0,0,0
2019-05-06T04:25:00.000Z,,0,,06/05/2019\ 04:25:52,,[10-11],docker.base.config>docker.base>gprime-v2-8c>gprime|PMCL-160-154001-MN-Q2-g|na|60013,docker.base.config>docker.base>gprime-v2-8c>gprime|PMCL-160-154001-MN-Q2-g|na|60013,<Unknown>,10,,MOBO-58d8-00d7-88c3-309c23a781f3,QJOB-0506-0622-655f-3d2ff531bb4d,,0,0,00000000-0000-0000-0000-000000000000,Starting,Starting,0,0,0,0,0
2019-05-06T04:30:00.000Z,06/05/2019\ 04:33:00,0,AMD\ Ryzen\ 7\ 2700X\ Eight-Core\ Processor,06/05/2019\ 04:29:42,,[0-1],docker.base.config>docker.base>docker-batch>sample15_bulks_submit_1,docker.base.config>docker.base>docker-batch>sample15_bulks_submit_1,<Unknown>,-5,[0-1],MOBO-adf0-084e-ac12-00d8611575c2,QJOB-0506-0629-9f10-34b6d6078fd5,"SCDL-6a0a-5bb0-56ee-febe5db8389a\,SCDL-9535-9353-4d36-b6cc082c6194",0,0,00000000-0000-0000-0000-000000000000,Completed,Completed,10,0,1290,690,10
2019-05-06T04:35:00.000Z,,0,,06/05/2019\ 04:37:34,,[8-9],docker.base.config>docker.base>gprime-v2-8c>gprime|PMCL-160-154001-MN-Q2-g|na|60013,docker.base.config>docker.base>gprime-v2-8c>gprime|PMCL-160-154001-MN-Q2-g|na|60013,<Unknown>,10,,MOBO-58d8-00d7-87af-309c23a78199,QJOB-0506-0637-7c43-f00fbb822b7b,,0,0,00000000-0000-0000-0000-000000000000,Starting,Starting,0,0,0,0,0
2019-05-06T04:40:00.000Z,06/05/2019\ 04:40:45,0,AMD\ Ryzen\ 7\ 1700X\ Eight-Core\ Processor,06/05/2019\ 04:37:34,[8-9],[8-9],docker.base.config>docker.base>gprime-v2-8c>gprime|PMCL-160-154001-MN-Q2-g|na|60013,docker.base.config>docker.base>gprime-v2-8c>gprime|PMCL-160-154001-MN-Q2-g|na|60013,<Unknown>,10,,MOBO-58d8-00d7-87af-309c23a78199,QJOB-0506-0637-7c43-f00fbb822b7b,"SCDL-1027-0faf-241e-af29db26568a\,SCDL-58b4-3fb2-e10e-e1da08feeaff\,SCDL-8780-e8f8-f1b8-e6cc8ef1593c",0,2463.58911132813,00000000-0000-0000-0000-000000000000,Failed,Failed,810,2578.15112304688,100,980,10
2019-05-06T04:45:00.000Z,06/05/2019\ 04:49:38,0,AMD\ Ryzen\ 7\ 1700X\ Eight-Core\ Processor,06/05/2019\ 04:43:02,,[0-1],docker.base.config>docker.base>docker-kvm>win2016-core-kvm>sample17_win2016-core-kvm-dotnet-task-with-result,docker.base.config>docker.base>docker-kvm>win2016-core-kvm>sample17_win2016-core-kvm-dotnet-task-with-result,X6105LV,-5,[0-1],MOBO-58d8-00d7-87b8-309c23a7824b,QJOB-0506-0643-06db-6fd0fbc6c06e,"SCDL-c046-9756-9165-63933135beaa\,SCDL-53a4-c432-d347-f7b8f883f0e7\,SCDL-7e29-667a-ece7-35c66bcf62d2",0,72.7212524414063,00000000-0000-0000-0000-000000000000,Completed,Completed,30,72.4230499267578,1900,1980,30
2019-05-06T04:50:00.000Z,,0,,06/05/2019\ 04:53:01,,[11-12],docker.base.config>docker.base>gprime-v2-8c>gprime|PMCL-160-154001-MN-Q2-g|na|60013,docker.base.config>docker.base>gprime-v2-8c>gprime|PMCL-160-154001-MN-Q2-g|na|60013,<Unknown>,10,,MOBO-58d8-00d7-8b69-309c23a7826f,QJOB-0506-0652-77a1-d2c3ed3d8bcb,,0,0,00000000-0000-0000-0000-000000000000,Starting,Starting,0,0,0,0,0
2019-05-06T04:55:00.000Z,06/05/2019\ 04:55:52,0,,06/05/2019\ 04:53:01,,[11-12],docker.base.config>docker.base>gprime-v2-8c>gprime|PMCL-160-154001-MN-Q2-g|na|60013,docker.base.config>docker.base>gprime-v2-8c>gprime|PMCL-160-154001-MN-Q2-g|na|60013,<Unknown>,10,,MOBO-58d8-00d7-8b69-309c23a7826f,QJOB-0506-0652-77a1-d2c3ed3d8bcb,"SCDL-c515-afe0-1972-bf3f45ae2129\,SCDL-13ac-ce36-42a4-2a8481473ef8\,SCDL-4456-d0fa-b273-b7a2e25e5832",0,0,00000000-0000-0000-0000-000000000000,Preempted,Preempted,0,0,1230,460,0
2019-05-06T05:00:00.000Z,,0,,06/05/2019\ 05:01:40,,[0-1],docker.base.config>docker.base>docker-mining>money\ money\ money\ prod,docker.base.config>docker.base>docker-mining>money money money prod,_coin_miner,-15,,MOBO-58d8-00d7-8b69-309c23a7826f,QJOB-0425-1504-9b73-148267a8fd96,,0,0,00000000-0000-0000-0000-000000000000,Starting,Starting,0,0,0,0,0
2019-05-06T05:05:00.000Z,06/05/2019\ 05:07:55,3.6660578250885,AMD\ Ryzen\ 7\ 2700X\ Eight-Core\ Processor,06/05/2019\ 05:01:38,,[15-16],docker.base.config>docker.base>gprime-v2-8c>gprime|PMCL-160-154001-MN-Q2-g|na|60013,docker.base.config>docker.base>gprime-v2-8c>gprime|PMCL-160-154001-MN-Q2-g|na|60013,<Unknown>,10,,MOBO-adf0-084e-abed-00d861156b47,QJOB-0506-0652-77a1-d2c3ed3d8bcb,"SCDL-a18b-29f0-8f50-91640f5099ab\,SCDL-ff59-3f3b-6709-df273058218c\,SCDL-e226-f503-bb2e-57095b7351b0",3.83902668952942,8253.9072265625,00000000-0000-0000-0000-000000000000,Preempted,Preempted,2150,7882.0244140625,790,780,0
2019-05-06T05:10:00.000Z,,0,,06/05/2019\ 05:12:42,,[0-1],docker.base.config>docker.base>docker-network-ssh>amplisim>calmet_www.amplisim.com_34_303,docker.base.config>docker.base>docker-network-ssh>amplisim>calmet_www.amplisim.com_34_303,<Unknown>,1,,MOBO-adf0-094e-09e2-00d8611556aa,QJOB-0506-0712-a011-eae940df8595,,0,0,00000000-0000-0000-0000-000000000000,Starting,Starting,0,0,0,0,0
2019-05-06T05:15:00.000Z,06/05/2019\ 05:18:33,0,AMD\ Ryzen\ 7\ 1700X\ Eight-Core\ Processor,06/05/2019\ 05:13:15,,[0-1],docker.base.config>docker.base>docker-kvm>win2016-core-kvm-network>sample19-kvm-win-http,docker.base.config>docker.base>docker-kvm>win2016-core-kvm-network>sample19-kvm-win-http,<Unknown>,-5,[0-1],MOBO-58d8-00d7-87b8-309c23a7824b,QJOB-0506-0713-3380-435bc8e6980b,"SCDL-1b5b-fb63-af9d-eaf9dac75bd1\,SCDL-36c4-05eb-8cf6-c39eea9041e1",0,0,00000000-0000-0000-0000-000000000000,Completed,Completed,30,0,1280,1840,20
2019-05-06T05:20:00.000Z,,0,,06/05/2019\ 05:22:23,,[1-2],docker.base.config>docker.base>docker-batch>sample1-helloword-advanced,docker.base.config>docker.base>docker-batch>sample1-helloword-advanced,<Unknown>,-5,,MOBO-adf0-084e-ac12-00d861156aff,QJOB-0506-0722-5814-e451e7c9e99f,,0,0,00000000-0000-0000-0000-000000000000,Starting,Starting,0,0,0,0,0
2019-05-06T05:25:00.000Z,06/05/2019\ 05:25:40,0,AMD\ Ryzen\ 7\ 2700X\ Eight-Core\ Processor,06/05/2019\ 05:22:23,,[0-1],docker.base.config>docker.base>docker-batch>sample1-helloword-advanced,docker.base.config>docker.base>docker-batch>sample1-helloword-advanced,<Unknown>,-5,[0-1],MOBO-adf0-084e-ac12-00d8611575c2,QJOB-0506-0722-5814-e451e7c9e99f,"SCDL-fde7-eefe-1b61-d2668d4aeb87\,SCDL-3ad5-c23d-1617-d9c752400600",0,0,00000000-0000-0000-0000-000000000000,Completed,Completed,10,0,1290,670,10
2019-05-06T05:30:00.000Z,06/05/2019\ 05:31:23,0,AMD\ Ryzen\ 7\ 2700X\ Eight-Core\ Processor,06/05/2019\ 05:12:42,,[0-1],docker.base.config>docker.base>docker-network-ssh>amplisim>calmet_www.amplisim.com_34_303,docker.base.config>docker.base>docker-network-ssh>amplisim>calmet_www.amplisim.com_34_303,<Unknown>,1,[0-1],MOBO-adf0-094e-09e2-00d8611556aa,QJOB-0506-0712-a011-eae940df8595,"SCDL-34a9-c31b-a15a-4ba951f1fe13\,SCDL-26d2-0b53-e23a-67592f9de3f1\,SCDL-72b8-87a9-087a-b89d07e5ac89",0,7421.22900390625,00000000-0000-0000-0000-000000000000,Completed,Completed,1980,7214.435546875,7870,710,630
2019-05-06T05:35:00.000Z,06/05/2019\ 05:39:28,0,AMD\ Ryzen\ 7\ 1700X\ Eight-Core\ Processor,06/05/2019\ 05:04:23,,[36-37],docker.base.config>docker.base>docker-mining>money\ money\ money\ qualif,docker.base.config>docker.base>docker-mining>money money money qualif,_coin_miner,-15,,MOBO-58d8-00d7-8a07-309c23a7814a,QJOB-0327-1429-cd5a-5439696fab1f,"SCDL-deb3-05bf-d5df-c3b5f0f61fa3\,SCDL-5faf-b153-f631-6e5bde741173",0,46211.3203125,00000000-0000-0000-0000-000000000000,Preempted,Preempted,16880,57358.015625,3460,700,0
2019-05-06T05:40:00.000Z,06/05/2019\ 05:43:40,0,AMD\ Ryzen\ 7\ 2700X\ Eight-Core\ Processor,06/05/2019\ 05:31:05,,[0-1],docker.base.config>docker.base>docker-batch>sample3-dockerhub-library/debian:jessie,docker.base.config>docker.base>docker-batch>sample3-dockerhub-library/debian:jessie,<Unknown>,-5,[0-1],MOBO-adf0-084e-ac12-00d861156aff,QJOB-0506-0731-09fc-cd59fb82a6a7,"SCDL-0543-12f5-3e1b-cb5d68a8ffe2\,SCDL-b659-1f28-d903-dc04fd412d0b",0,0,00000000-0000-0000-0000-000000000000,Completed,Completed,10,0,6710,820,10
2019-05-06T05:45:00.000Z,,0,,06/05/2019\ 05:48:32,,[129-130],docker.base.config>docker.base>docker-mining>money\ money\ money\ prod,docker.base.config>docker.base>docker-mining>money money money prod,_coin_miner,-15,,MOBO-0400-9fa3-0394-94de80a6aa65,QJOB-0425-1504-9b73-148267a8fd96,,0,0,00000000-0000-0000-0000-000000000000,Starting,Starting,0,0,0,0,0
2019-05-06T05:50:00.000Z,06/05/2019\ 05:51:02,0,,06/05/2019\ 05:31:03,,[0-1],docker.base.config>docker.base>docker-batch>sample3-dockerhub-archlinux/base:latest,docker.base.config>docker.base>docker-batch>sample3-dockerhub-archlinux/base:latest,<Unknown>,-5,,MOBO-adf0-084e-ac24-00d861156a98,QJOB-0506-0731-04ac-58364d9c52db,,0,0,00000000-0000-0000-0000-000000000000,Preempted,Preempted,0,0,11990,0,0
2019-05-06T05:55:00.000Z,06/05/2019\ 05:56:00,0,AMD\ Ryzen\ 7\ 1700X\ Eight-Core\ Processor,06/05/2019\ 05:02:05,,[186-187],docker.base.config>docker.base>docker-mining>money\ money\ money\ prod,docker.base.config>docker.base>docker-mining>money money money prod,_coin_miner,-15,,MOBO-58d8-00d7-89a1-309c23a7860f,QJOB-0425-1504-9b73-148267a8fd96,"SCDL-2ea7-a22b-b784-c55f1c224326\,SCDL-6c2e-5589-bcb0-77df962429b6",0,73249.5078125,00000000-0000-0000-0000-000000000000,Preempted,Preempted,21410,72712.484375,10020,910,0
2019-05-06T06:00:00.000Z,,0,,06/05/2019\ 06:02:32,,[1-2],docker.base.config>docker.base>docker-mining>money\ money\ money\ qualif,docker.base.config>docker.base>docker-mining>money money money qualif,_coin_miner,-15,,MOBO-58d8-00d7-87d0-309c23845a64,QJOB-0327-1429-cd5a-5439696fab1f,,0,0,00000000-0000-0000-0000-000000000000,Starting,Starting,0,0,0,0,0
2019-05-06T06:05:00.000Z,,0,,06/05/2019\ 06:08:11,,[148-149],docker.base.config>docker.base>docker-mining>money\ money\ money\ prod,docker.base.config>docker.base>docker-mining>money money money prod,_coin_miner,-15,,MOBO-58d8-00d7-89a1-309c23a7860f,QJOB-0425-1504-9b73-148267a8fd96,,0,0,00000000-0000-0000-0000-000000000000,Starting,Starting,0,0,0,0,0
2019-05-06T06:10:00.000Z,,0,,06/05/2019\ 06:13:55,,[0-1],docker.base.config>docker.base>docker-network-ssh>amplisim>calmet_www.amplisim.com_34_303,docker.base.config>docker.base>docker-network-ssh>amplisim>calmet_www.amplisim.com_34_303,<Unknown>,1,,MOBO-adf0-094e-09e2-00d8611556aa,QJOB-0506-0813-d133-875cfd57fd27,,0,0,00000000-0000-0000-0000-000000000000,Starting,Starting,0,0,0,0,0
2019-05-06T06:15:00.000Z,,0,,06/05/2019\ 06:15:03,,[148-149],docker.base.config>docker.base>docker-mining>money\ money\ money\ prod,docker.base.config>docker.base>docker-mining>money money money prod,_coin_miner,-15,,MOBO-58d8-00d7-8806-309c23a781bf,QJOB-0425-1504-9b73-148267a8fd96,,0,0,00000000-0000-0000-0000-000000000000,Starting,Starting,0,0,0,0,0
2019-05-06T06:20:00.000Z,,0,,06/05/2019\ 06:23:07,,[176-177],docker.base.config>docker.base>docker-mining>money\ money\ money\ prod,docker.base.config>docker.base>docker-mining>money money money prod,_coin_miner,-15,,MOBO-58d8-00d7-89a1-309c23a7860f,QJOB-0425-1504-9b73-148267a8fd96,,0,0,00000000-0000-0000-0000-000000000000,Starting,Starting,0,0,0,0,0
2019-05-06T06:25:00.000Z,06/05/2019\ 06:26:02,0,Intel(R)\ Core(TM)\ i7-4770K\ CPU\ @\ 3.50GHz,06/05/2019\ 05:47:39,,[103-104],docker.base.config>docker.base>docker-mining>money\ money\ money\ prod,docker.base.config>docker.base>docker-mining>money money money prod,_coin_miner,-15,,MOBO-0400-9fa3-0478-94de80a55c8a,QJOB-0425-1504-9b73-148267a8fd96,"SCDL-4c83-1daf-3c22-b5fbaa2e8ff2\,SCDL-894c-fd71-a1e6-14329aed618b",0,82929.9453125,00000000-0000-0000-0000-000000000000,Preempted,Preempted,22500,78623.2421875,10,520,0
2019-05-06T06:30:00.000Z,,0,,06/05/2019\ 06:33:30,,[36-37],docker.base.config>docker.base>docker-mining>money\ money\ money\ qualif,docker.base.config>docker.base>docker-mining>money money money qualif,_coin_miner,-15,,MOBO-58d8-00d7-8a07-309c23a7814a,QJOB-0327-1429-cd5a-5439696fab1f,,0,0,00000000-0000-0000-0000-000000000000,Starting,Starting,0,0,0,0,0
2019-05-06T06:35:00.000Z,,0,,06/05/2019\ 06:36:08,,[98-99],docker.base.config>docker.base>docker-mining>money\ money\ money\ prod,docker.base.config>docker.base>docker-mining>money money money prod,_coin_miner,-15,,MOBO-0400-9ea3-f23a-94de80a6aa54,QJOB-0425-1504-9b73-148267a8fd96,,0,0,00000000-0000-0000-0000-000000000000,Starting,Starting,0,0,0,0,0
2019-05-06T06:40:00.000Z,,0,,06/05/2019\ 06:43:44,,[179-180],docker.base.config>docker.base>docker-mining>money\ money\ money\ prod,docker.base.config>docker.base>docker-mining>money money money prod,_coin_miner,-15,,MOBO-0400-9ea3-a26f-902b34dcf0a8,QJOB-0425-1504-9b73-148267a8fd96,,0,0,00000000-0000-0000-0000-000000000000,Starting,Starting,0,0,0,0,0
2019-05-06T06:45:00.000Z,06/05/2019\ 06:48:52,0,Intel(R)\ Core(TM)\ i7-4770K\ CPU\ @\ 3.50GHz,06/05/2019\ 06:08:58,,[175-176],docker.base.config>docker.base>docker-mining>money\ money\ money\ prod,docker.base.config>docker.base>docker-mining>money money money prod,_coin_miner,-15,,MOBO-0400-9ea3-c825-94de80a6a972,QJOB-0425-1504-9b73-148267a8fd96,"SCDL-ea5b-1657-29bc-607184fbb5e9\,SCDL-dab8-1718-6370-31d71b6298f6",0,85430.8828125,00000000-0000-0000-0000-000000000000,Preempted,Preempted,23260,81322.421875,10,670,0
2019-05-06T06:50:00.000Z,06/05/2019\ 06:54:07,0,AMD\ Ryzen\ 7\ 1700X\ Eight-Core\ Processor,06/05/2019\ 06:23:07,,[176-177],docker.base.config>docker.base>docker-mining>money\ money\ money\ prod,docker.base.config>docker.base>docker-mining>money money money prod,_coin_miner,-15,,MOBO-58d8-00d7-89a1-309c23a7860f,QJOB-0425-1504-9b73-148267a8fd96,"SCDL-2ea7-a22b-b784-c55f1c224326\,SCDL-6c2e-5589-bcb0-77df962429b6",0,60068.12109375,00000000-0000-0000-0000-000000000000,Preempted,Preempted,17680,60054.2421875,10,910,0
2019-05-06T06:55:00.000Z,06/05/2019\ 06:58:49,0,AMD\ Ryzen\ 7\ PRO\ 1700X\ Eight-Core\ Processor,05/05/2019\ 23:01:36,,[172-173],docker.base.config>docker.base>docker-mining>money\ money\ money\ prod,docker.base.config>docker.base>docker-mining>money money money prod,_coin_miner,-15,,MOBO-58d8-00d7-2a2e-309c237ec797,QJOB-0425-1504-9b73-148267a8fd96,"SCDL-943b-fb14-13ef-c93a4cc231f4\,SCDL-0568-0752-84db-31d6115bd8f9",0,983635.75,00000000-0000-0000-0000-000000000000,Preempted,Preempted,285550,970802.0625,10,770,0
2019-05-06T07:00:00.000Z,,0,,06/05/2019\ 07:04:11,,[41-42],docker.base.config>docker.base>docker-mining>money\ money\ money\ qualif,docker.base.config>docker.base>docker-mining>money money money qualif,_coin_miner,-15,,MOBO-58d8-00d7-895f-309c23845cf6,QJOB-0327-1429-cd5a-5439696fab1f,,0,0,00000000-0000-0000-0000-000000000000,Starting,Starting,0,0,0,0,0
2019-05-06T07:05:00.000Z,06/05/2019\ 07:08:54,0,Intel(R)\ Core(TM)\ i7-4770K\ CPU\ @\ 3.50GHz,05/05/2019\ 21:25:37,,[91-92],docker.base.config>docker.base>docker-mining>money\ money\ money\ prod,docker.base.config>docker.base>docker-mining>money money money prod,_coin_miner,-15,,MOBO-0400-9fa3-036e-94de80a6671e,QJOB-0425-1504-9b73-148267a8fd96,"SCDL-ea5b-1657-29bc-607184fbb5e9\,SCDL-dab8-1718-6370-31d71b6298f6",0,1290084.5,00000000-0000-0000-0000-000000000000,Preempted,Preempted,349430,1223277.875,10,530,0
2019-05-06T07:10:00.000Z,,0,,06/05/2019\ 07:12:37,,[91-92],docker.base.config>docker.base>docker-mining>money\ money\ money\ prod,docker.base.config>docker.base>docker-mining>money money money prod,_coin_miner,-15,,MOBO-58d8-00d7-89a1-309c23a7860f,QJOB-0425-1504-9b73-148267a8fd96,,0,0,00000000-0000-0000-0000-000000000000,Starting,Starting,0,0,0,0,0
2019-05-06T07:15:00.000Z,,0,,06/05/2019\ 07:19:05,,[129-130],docker.base.config>docker.base>docker-mining>money\ money\ money\ prod,docker.base.config>docker.base>docker-mining>money money money prod,_coin_miner,-15,,MOBO-0400-9ea3-cbf5-94de80a6ad19,QJOB-0425-1504-9b73-148267a8fd96,,0,0,00000000-0000-0000-0000-000000000000,Starting,Starting,0,0,0,0,0
2019-05-06T07:20:00.000Z,06/05/2019\ 07:21:16,0,AMD\ Ryzen\ 7\ 2700X\ Eight-Core\ Processor,06/05/2019\ 07:13:31,,[0-1],docker.base.config>docker.base>docker-network-ssh>amplisim>calmet_www.amplisim.com_34_303,docker.base.config>docker.base>docker-network-ssh>amplisim>calmet_www.amplisim.com_34_303,<Unknown>,1,[0-1],MOBO-adf0-094e-09e2-00d8611556aa,QJOB-0506-0913-75e3-ca1ae5b521c9,"SCDL-f77a-20e1-e81f-d2837151073b\,SCDL-f5b3-6549-2650-6f548a5ec1dd\,SCDL-dd1d-9d36-9c33-9f23b4eb57b8",0,8325.9599609375,00000000-0000-0000-0000-000000000000,Completed,Completed,2210,8063.73583984375,1240,710,480
2019-05-06T07:25:00.000Z,,0,,06/05/2019\ 07:25:59,,[168-169],docker.base.config>docker.base>docker-mining>money\ money\ money\ prod,docker.base.config>docker.base>docker-mining>money money money prod,_coin_miner,-15,,MOBO-0400-9ea3-b45c-94de80a6a950,QJOB-0425-1504-9b73-148267a8fd96,,0,0,00000000-0000-0000-0000-000000000000,Starting,Starting,0,0,0,0,0
2019-05-06T07:30:00.000Z,,0,,06/05/2019\ 07:30:37,,[17-18],docker.base.config>docker.base>gprime-v2-8c>gprime|PMCL-160-154001-MN-Q2-g|na|60013,docker.base.config>docker.base>gprime-v2-8c>gprime|PMCL-160-154001-MN-Q2-g|na|60013,<Unknown>,10,,MOBO-58d8-00d7-87af-309c23a78199,QJOB-0506-0723-49ee-1afad9489754,,0,0,00000000-0000-0000-0000-000000000000,Starting,Starting,0,0,0,0,0
2019-05-06T07:35:00.000Z,,0,,06/05/2019\ 07:36:08,,[171-172],docker.base.config>docker.base>docker-mining>money\ money\ money\ prod,docker.base.config>docker.base>docker-mining>money money money prod,_coin_miner,-15,,MOBO-0400-9ea3-a5bd-902b34dd3dcd,QJOB-0425-1504-9b73-148267a8fd96,,0,0,00000000-0000-0000-0000-000000000000,Starting,Starting,0,0,0,0,0
2019-05-06T07:40:00.000Z,,0,,06/05/2019\ 07:44:38,,[0-1],docker.base.config>docker.base>docker-batch>helloworld,docker.base.config>docker.base>docker-batch>helloworld,<Unknown>,-5,,MOBO-adf0-094e-09e2-00d8611556aa,QJOB-0506-0944-8eff-73ba2a76584b,,0,0,00000000-0000-0000-0000-000000000000,Starting,Starting,0,0,0,0,0
2019-05-06T07:50:00.000Z,06/05/2019\ 07:53:33,3.69964075088501,AMD\ Ryzen\ 7\ 2700X\ Eight-Core\ Processor,05/05/2019\ 23:47:27,,[11-12],docker.base.config>docker.base>gprime-v2-8c>gprime|PMCL-160-157004-MN-Q2-b|na|60043,docker.base.config>docker.base>gprime-v2-8c>gprime|PMCL-160-157004-MN-Q2-b|na|60043,<Unknown>,10,,MOBO-adf0-094e-09e2-00d861155707,QJOB-0505-1204-2b8b-8ff9cbc8a272,"SCDL-2deb-5739-00a6-0fc1e3d1b259\,SCDL-17c9-3be8-5662-ab6603d6f82a\,SCDL-cb71-8236-b143-90d10b38fe32",4.08724784851074,1177209.125,00000000-0000-0000-0000-000000000000,Preempted,Preempted,288020,1065570.5,1970,1650,0
2019-05-06T07:55:00.000Z,06/05/2019\ 07:56:08,0,AMD\ Ryzen\ 7\ 1700X\ Eight-Core\ Processor,06/05/2019\ 06:15:03,,[148-149],docker.base.config>docker.base>docker-mining>money\ money\ money\ prod,docker.base.config>docker.base>docker-mining>money money money prod,_coin_miner,-15,,MOBO-58d8-00d7-8806-309c23a781bf,QJOB-0425-1504-9b73-148267a8fd96,"SCDL-8c37-e046-2947-66e686ae3668\,SCDL-862c-6aec-5e97-f394bda27e6a",0,196759.234375,00000000-0000-0000-0000-000000000000,Preempted,Preempted,59680,202843.078125,10,960,0
2019-05-06T08:00:00.000Z,06/05/2019\ 08:04:43,0,AMD\ Ryzen\ 7\ 2700X\ Eight-Core\ Processor,06/05/2019\ 08:02:17,[0-1],[0-1],docker.base.config>docker.base>docker-batch>helloworld,docker.base.config>docker.base>docker-batch>helloworld,<Unknown>,-5,,MOBO-adf0-084e-ac12-00d8611575c2,QJOB-0506-1002-4068-58d6b9cf8e09,"SCDL-cd7e-fe4c-8bf2-c50b694f3b68\,SCDL-4f0e-c349-27a2-fccff3d866b8\,SCDL-efcb-c28f-8676-bcc18df4ea9a",0,0,00000000-0000-0000-0000-000000000000,Failed,Failed,10,0,670,780,10
2019-05-06T08:05:00.000Z,,0,,06/05/2019\ 08:08:22,,[0-1],docker.base.config>docker.base>docker-batch>helloworld,docker.base.config>docker.base>docker-batch>helloworld,<Unknown>,-5,,MOBO-adf0-094e-09e2-00d86115561a,QJOB-0506-1008-5379-7fa137480476,,0,0,00000000-0000-0000-0000-000000000000,Starting,Starting,0,0,0,0,0
2019-05-06T08:10:00.000Z,06/05/2019\ 08:14:15,3.70000004768372,AMD\ Ryzen\ 7\ 2700X\ Eight-Core\ Processor,06/05/2019\ 00:10:02,,[8-9],docker.base.config>docker.base>gprime-v2-8c>gprime|PMCL-160-163029-MN-Q2-h|na|60035,docker.base.config>docker.base>gprime-v2-8c>gprime|PMCL-160-163029-MN-Q2-h|na|60035,<Unknown>,10,,MOBO-adf0-084e-ac5d-00d8611555f6,QJOB-0505-0915-4ba5-145f6c08979a,"SCDL-1677-25a7-14d4-ef34daddaa54\,SCDL-8ca2-2827-82e3-b1ec356e0a56\,SCDL-54ef-f525-6e2d-ae6b1217cb5c",4.00099992752075,1138703,00000000-0000-0000-0000-000000000000,Preempted,Preempted,288340,1066679.5,10,760,0
2019-05-06T08:15:00.000Z,,0,,06/05/2019\ 08:14:58,,[13-14],docker.base.config>docker.base>gprime-v2-8c>gprime|PMCL-160-163029-MN-Q2-h|na|60035,docker.base.config>docker.base>gprime-v2-8c>gprime|PMCL-160-163029-MN-Q2-h|na|60035,<Unknown>,10,,MOBO-adf0-084e-ac58-00d861155737,QJOB-0505-0915-4ba5-145f6c08979a,,0,0,00000000-0000-0000-0000-000000000000,Starting,Starting,0,0,0,0,0
2019-05-06T08:20:00.000Z,06/05/2019\ 08:20:57,3.69977712631226,AMD\ Ryzen\ 7\ 2700X\ Eight-Core\ Processor,06/05/2019\ 00:16:11,,[7-8],docker.base.config>docker.base>gprime-v2-8c>gprime|PMCL-160-154001-MN-Q2-h|na|60015,docker.base.config>docker.base>gprime-v2-8c>gprime|PMCL-160-154001-MN-Q2-h|na|60015,<Unknown>,10,,MOBO-adf0-084e-abc2-00d86115563a,QJOB-0505-1805-a8f6-bcd5e683036b,"SCDL-e0ff-8389-6f11-774f86d69c14\,SCDL-3315-ce79-bbab-dce48c7f85b1\,SCDL-1db8-bd0a-81ae-96e9d75e4c2d",4.03321123123169,1164791.375,00000000-0000-0000-0000-000000000000,Preempted,Preempted,288800,1068495.625,1280,760,0
2019-05-06T08:25:00.000Z,06/05/2019\ 08:27:38,0,AMD\ Ryzen\ 7\ 2700X\ Eight-Core\ Processor,06/05/2019\ 08:12:56,,[0-1],docker.base.config>docker.base>docker-network-ssh>amplisim>calmet_www.amplisim.com_34_303,docker.base.config>docker.base>docker-network-ssh>amplisim>calmet_www.amplisim.com_34_303,<Unknown>,1,[0-1],MOBO-adf0-084e-ac12-00d8611575c2,QJOB-0506-1012-d729-1dc03380d9e2,"SCDL-e4ed-6ae9-7b29-7d05e7fe50d8\,SCDL-91fb-3b50-7083-e3b455e8dba0\,SCDL-5a14-461e-c504-2a6e9341868a",0,11824.9619140625,00000000-0000-0000-0000-000000000000,Completed,Completed,3250,11911.8076171875,3980,750,820
2019-05-06T08:30:00.000Z,,0,,06/05/2019\ 08:31:03,,[5-6],docker.base.config>docker.base>gprime-v2-8c>gprime|PMCL-160-157004-MN-Q2-d|na|60047,docker.base.config>docker.base>gprime-v2-8c>gprime|PMCL-160-157004-MN-Q2-d|na|60047,<Unknown>,10,,MOBO-58d8-00d7-8842-309c23a78127,QJOB-0505-1821-5d35-abeb9327508d,,0,0,00000000-0000-0000-0000-000000000000,Starting,Starting,0,0,0,0,0
2019-05-06T08:35:00.000Z,06/05/2019\ 08:39:39,3.70000100135803,AMD\ Ryzen\ 7\ 2700X\ Eight-Core\ Processor,06/05/2019\ 08:33:36,,[3-4],docker.base.config>docker.base>gprime-v2-8c>gprime|PMCL-160-163029-MN-Q2-a|na|60021,docker.base.config>docker.base>gprime-v2-8c>gprime|PMCL-160-163029-MN-Q2-a|na|60021,<Unknown>,10,,MOBO-adf0-084e-ac62-00d86115568d,QJOB-0505-1821-211d-7c02f8356069,"SCDL-f244-deba-4cd6-1fe888878bb9\,SCDL-2f97-6e75-a86b-7d9f3cea6879\,SCDL-b248-3f34-192f-e4b3a24f235f",3.81593322753906,7670.02587890625,00000000-0000-0000-0000-000000000000,Preempted,Preempted,2010,7437.001953125,10,1580,0
2019-05-06T08:40:00.000Z,06/05/2019\ 08:41:14,0,AMD\ Ryzen\ 7\ 1700X\ Eight-Core\ Processor,06/05/2019\ 08:06:45,,[37-38],docker.base.config>docker.base>docker-mining>money\ money\ money\ qualif,docker.base.config>docker.base>docker-mining>money money money qualif,_coin_miner,-15,,MOBO-58d8-00d7-8a07-309c23845a98,QJOB-0327-1429-cd5a-5439696fab1f,"SCDL-deb3-05bf-d5df-c3b5f0f61fa3\,SCDL-5faf-b153-f631-6e5bde741173",0,69650.984375,00000000-0000-0000-0000-000000000000,Preempted,Preempted,19970,67863.25,10,720,0
2019-05-06T08:45:00.000Z,,0,,06/05/2019\ 08:46:28,,[5-6],docker.base.config>docker.base>docker-mining>money\ money\ money\ maintenance,docker.base.config>docker.base>docker-mining>money money money maintenance,_coin_miner,-15,,MOBO-d5b0-27cc-077b-708bcdabadb6,QJOB-0425-1505-5e33-dbe8ff896a50,,0,0,00000000-0000-0000-0000-000000000000,Starting,Starting,0,0,0,0,0
2019-05-06T08:55:00.000Z,,0,,06/05/2019\ 08:55:25,,[16-17],docker.base.config>docker.base>gprime-v2-8c>gprime|PMCL-160-163029-MN-Q2-h|na|60035,docker.base.config>docker.base>gprime-v2-8c>gprime|PMCL-160-163029-MN-Q2-h|na|60035,<Unknown>,10,,MOBO-adf0-084e-ac58-00d861155575,QJOB-0506-1055-5cc9-b9d4a0acbc65,,0,0,00000000-0000-0000-0000-000000000000,Starting,Starting,0,0,0,0,0